Country/Region,Province/State,Lat,Long,Total_deaths_01_2020,Total_deaths_02_2020,Total_deaths_03_2020,Total_deaths_04_2020,Total_deaths_05_2020,Total_deaths_06_2020,Total_deaths_07_2020,Total_deaths_08_2020,Total_deaths_09_2020,Total_deaths_10_2020,Total_deaths_11_2020,Total_deaths_12_2020,Total_deaths_01_2021,Total_deaths_02_2021,Total_deaths_03_2021,Total_deaths_04_2021,Total_deaths_05_2021,Total_deaths_06_2021,Total_deaths_07_2021,Total_deaths_08_2021,Total_deaths_09_2021,Total_deaths_10_2021,Total_deaths_11_2021,Total_deaths_12_2021,Total_deaths_01_2022,Total_deaths_02_2022,Total_deaths_03_2022,Total_deaths_04_2022,Total_deaths_05_2022,Total_deaths_06_2022,Total_deaths_07_2022,Total_deaths_08_2022,Total_deaths_09_2022,Total_deaths_10_2022,Total_deaths_11_2022,Total_deaths_12_2022,Total_deaths_01_2023,Total_deaths_02_2023,Total_deaths_03_2023
Afghanistan,Unknown,33.93911,67.709953,0,0,4,60,254,739,1275,1406,1462,1533,1763,2189,2400,2443,2484,2625,2944,4871,6708,7118,7204,7280,7308,7356,7414,7598,7670,7683,7705,7723,7748,7777,7800,7822,7833,7849,7882,7896,7896
Albania,Unknown,41.1533,20.1683,0,0,15,31,33,62,157,284,387,509,810,1181,1380,1796,2235,2394,2451,2456,2457,2498,2698,2924,3096,3217,3346,3469,3492,3496,3497,3500,3545,3582,3589,3593,3594,3595,3596,3598,3598
Algeria,Unknown,28.0339,1.6596,0,0,44,450,653,912,1210,1510,1736,1964,2431,2756,2891,2983,3093,3253,3472,3716,4254,5269,5812,5920,6071,6276,6579,6835,6874,6875,6875,6875,6876,6878,6879,6881,6881,6881,6881,6881,6881
Andorra,Unknown,42.5063,1.5218,0,0,12,42,51,52,52,53,53,75,76,84,101,110,115,125,127,127,128,130,130,130,131,140,145,151,155,153,153,153,153,154,155,155,157,165,165,165,165
Angola,Unknown,-11.2027,17.8739,0,0,2,2,4,13,52,108,183,284,348,405,466,508,537,596,766,900,1011,1217,1537,1710,1733,1770,1895,1900,1900,1900,1900,1900,1912,1917,1917,1917,1924,1930,1931,1933,1933
Antarctica,Unknown,-71.9499,23.347,0,0,0,0,0,0,0,0,0,0,0,0,0,0,0,0,0,0,0,0,0,0,0,0,0,0,0,0,0,0,0,0,0,0,0,0,0,0,0
Antigua and Barbuda,Unknown,17.0608,-61.7964,0,0,0,3,3,3,3,3,3,3,4,5,7,14,28,32,42,42,43,44,79,102,117,119,127,135,135,136,138,141,144,145,146,146,146,146,146,146,146
Argentina,Unknown,-38.4161,-63.6167,0,0,27,218,539,1307,3543,8660,16937,31002,38730,43245,47974,51965,55858,63865,78093,94304,105721,111812,115179,115950,116589,117169,121273,126152,128019,128542,128889,129070,129369,129711,129897,129991,130025,130124,130421,130463,130472
Armenia,Unknown,40.0691,45.0382,0,0,3,32,131,443,738,879,959,1341,2164,2823,3080,3192,3515,4108,4438,4514,4614,4844,5319,6328,7567,7972,8053,8461,8613,8622,8625,8629,8633,8655,8683,8709,8710,8716,8717,8721,8727
Australia,Australian Capital Territory,-35.4735,149.0124,0,0,1,3,3,3,3,3,3,3,3,3,3,3,3,3,3,3,3,3,8,13,14,15,26,34,42,51,64,80,92,124,126,127,129,138,152,224,228
Australia,New South Wales,-33.8688,151.2093,0,0,8,41,48,49,50,52,53,53,53,54,54,54,54,54,54,54,68,154,406,572,628,668,1422,1910,2100,2774,3179,3590,4165,4907,5314,5430,5540,5804,6218,6464,6529
Australia,Northern Territory,-12.4634,130.8456,0,0,0,0,0,0,0,0,0,0,0,0,0,0,0,0,0,0,0,0,0,0,0,1,3,22,35,43,49,53,55,68,73,75,79,84,87,90,91
Australia,Queensland,-27.4698,153.0251,0,0,2,6,7,6,6,6,6,6,6,6,6,6,6,7,7,7,7,7,7,7,7,7,209,540,740,868,1057,1254,1567,1985,2239,2274,2331,2405,2643,2760,2783
Australia,South Australia,-34.9285,138.6007,0,0,0,4,4,4,4,4,4,4,4,4,4,4,4,4,4,4,4,4,4,4,4,6,120,179,259,348,444,533,679,786,946,1029,1067,1155,1235,1333,1365
Australia,Tasmania,-42.8821,147.3272,0,0,1,13,13,13,13,13,13,13,13,13,13,13,13,13,13,13,13,13,13,13,13,13,18,25,31,51,76,92,141,180,187,193,201,224,244,252,256
Australia,Victoria,-37.8136,144.9631,0,0,4,18,19,20,116,570,800,819,820,820,820,820,820,820,820,820,820,822,864,1125,1336,1534,2029,2490,2749,2967,3434,3934,4662,5325,5678,5841,6040,6405,7116,7317,7370
Australia,Western Australia,-31.9505,115.8605,0,0,2,8,9,9,9,9,9,9,9,9,9,9,9,9,9,9,9,10,9,9,9,9,9,10,52,148,256,394,504,590,658,696,750,841,920,944,952
Austria,Unknown,47.5162,14.5501,0,0,134,635,741,810,848,903,994,1431,4084,7486,9393,10432,11404,12416,12922,13070,13135,13227,13506,13946,15405,16815,17207,17911,18952,19726,19927,20048,20317,20639,20743,20981,21210,21443,21689,21887,21970
Azerbaijan,Unknown,40.1431,47.5769,0,0,5,24,63,213,448,534,591,730,1392,2641,3132,3220,3567,4517,4913,4974,5023,5636,6525,7074,7856,8358,8734,9417,9692,9709,9713,9717,9748,9805,9917,9944,9980,10008,10085,10119,10138
Bahamas,Unknown,25.025885,-78.035889,0,0,0,11,11,11,14,50,96,144,163,170,176,179,188,199,230,246,287,354,531,643,671,717,746,771,788,798,810,817,822,823,833,833,833,833,833,833,833
Bahrain,Unknown,26.0275,50.55,0,0,4,8,19,87,147,190,251,321,341,352,375,449,521,646,980,1352,1384,1388,1389,1393,1394,1394,1408,1454,1471,1475,1488,1492,1509,1515,1520,1528,1536,1539,1543,1548,1553
Bangladesh,Unknown,23.685,90.3563,0,0,5,168,650,1847,3111,4281,5251,5923,6644,7559,8127,8408,9046,11450,12619,14503,20685,26195,27510,27868,27981,28072,28394,29037,29122,29127,29131,29149,29291,29323,29363,29423,29433,29440,29442,29445,29445
Barbados,Unknown,13.1939,-59.5432,0,0,0,7,7,7,7,7,7,7,7,7,14,33,42,44,47,47,48,50,74,153,229,260,280,316,374,394,450,477,493,542,560,560,567,568,571,575,579
Belarus,Unknown,53.7098,27.9534,0,0,1,89,235,392,559,681,833,980,1158,1424,1718,1976,2247,2542,2851,3143,3454,3780,4143,4631,5081,5578,6052,6480,6819,6947,6978,6978,7118,7118,7118,7118,7118,7118,7118,7118,7118
Belgium,Unknown,50.8333,4.469936,0,0,705,7594,9467,9747,9841,9996,10016,11625,16645,19528,21092,22077,23016,24230,24955,25173,25241,25380,25602,25994,27015,28331,29052,30179,30826,31439,31754,31918,32228,32516,32673,32902,33061,33228,33557,33717,33814
Belize,Unknown,17.1899,-88.4976,0,0,0,2,2,2,2,13,27,59,148,248,301,315,317,323,324,329,337,362,414,491,578,602,625,650,654,676,677,680,680,680,686,687,688,688,688,688,688
Benin,Unknown,9.3077,2.3158,0,0,0,1,3,21,36,40,41,41,43,44,52,70,90,99,101,104,108,128,159,161,161,161,163,163,163,163,163,163,163,163,163,163,163,163,163,163,163
Bhutan,Unknown,27.5142,90.4336,0,0,0,0,0,0,0,0,0,0,0,0,1,1,1,1,1,1,2,3,3,3,3,3,4,6,10,21,21,21,21,21,21,21,21,21,21,21,21
Bolivia,Unknown,-16.2902,-63.5887,0,0,6,62,313,1123,2977,5027,7965,8725,8957,9165,10379,11649,12257,12951,14524,16767,17821,18452,18735,18925,19171,19680,20951,21438,21894,21910,21948,21953,22061,22198,22237,22239,22247,22299,22346,22365,22365
Bosnia and Herzegovina,Unknown,43.9159,17.6791,0,0,13,69,153,186,339,609,856,1234,2681,4050,4679,5071,6599,8551,9253,9665,9687,9803,10606,11495,12586,13442,14447,15459,15713,15765,15788,15806,15853,16050,16137,16174,16202,16227,16255,16278,16280
Botswana,Unknown,-22.3285,24.6849,0,0,1,1,1,1,2,6,16,24,34,42,134,310,568,712,849,1125,1569,2261,2368,2406,2418,2444,2581,2619,2686,2688,2697,2750,2770,2778,2789,2790,2790,2794,2876,2801,2801
Brazil,Unknown,-14.235,-51.9253,0,0,201,6006,29367,59792,92728,121618,144078,159972,173268,195072,224648,255179,322138,404530,463244,518488,556676,580764,597032,608082,614985,619334,627589,649676,660022,663736,666676,671416,678514,683965,686036,688157,689665,693853,697074,699087,699276
Brunei,Unknown,4.5353,114.7277,0,0,1,1,2,3,3,3,3,3,3,3,3,3,3,3,3,3,3,9,42,88,97,98,98,125,208,218,223,225,225,225,225,225,225,225,225,225,225
Bulgaria,Unknown,42.7339,25.4858,0,0,8,66,140,230,383,629,825,1279,4035,7576,9045,10191,13197,16399,17700,18061,18213,18896,20882,23999,28453,30955,33318,35581,36529,36913,37148,37255,37377,37603,37718,37880,38039,38108,38179,38217,38228
Burkina Faso,Unknown,12.2383,-1.5616,0,0,14,43,53,53,53,55,58,67,68,85,120,142,146,157,166,168,169,171,184,214,286,318,366,375,382,383,384,387,387,387,387,387,387,395,396,396,396
Burma,Unknown,21.9162,95.956,0,0,1,6,6,6,6,6,310,1237,1941,2682,3131,3199,3206,3209,3217,3334,9334,15389,17735,18697,19104,19268,19310,19368,19430,19434,19434,19434,19434,19438,19459,19482,19488,19490,19490,19490,19490
Burundi,Unknown,-3.3731,29.9189,0,0,0,1,1,1,1,1,1,1,1,2,2,3,6,6,6,8,9,38,38,38,38,38,38,38,38,38,38,38,38,38,38,38,38,38,38,38,38
Cabo Verde,Unknown,16.5388,-23.0418,0,0,1,1,4,15,23,40,60,95,105,113,134,147,168,217,264,286,298,313,339,349,350,352,396,401,401,401,402,405,410,410,410,410,412,412,413,413,413
Cambodia,Unknown,11.55,104.9167,0,0,0,0,0,0,0,0,0,0,0,0,0,0,11,93,214,602,1397,1903,2319,2788,2940,3012,3015,3032,3054,3056,3056,3056,3056,3056,3056,3056,3056,3056,3056,3056,3056
Cameroon,Unknown,3.848,11.5021,0,0,6,61,191,313,391,411,418,426,437,448,462,551,721,1107,1275,1324,1334,1350,1459,1686,1791,1851,1880,1923,1927,1927,1930,1931,1931,1935,1935,1960,1965,1965,1965,1965,1965
Canada,Alberta,53.9333,-116.5765,0,0,8,90,143,154,196,239,267,323,541,1046,1639,1886,1990,2082,2227,2301,2328,2375,2717,3093,3248,3310,3566,3912,4074,4252,4507,4621,4665,4790,4905,5011,5216,5351,5470,5556,5622
Canada,British Columbia,53.7267,-127.6476,0,0,24,111,164,174,195,208,234,263,441,901,1189,1355,1458,1581,1703,1754,1771,1816,1953,2156,2333,2423,2616,2873,2998,3147,3469,3747,3908,4097,4283,4485,4642,4806,5061,5192,5249
Canada,Diamond Princess,0.0,0.0,0,0,1,1,1,1,1,1,1,1,1,1,1,1,1,1,1,1,1,1,1,1,1,1,1,1,1,1,1,1,1,1,1,1,1,1,1,1,1
Canada,Grand Princess,0.0,0.0,0,0,0,0,0,0,0,0,0,0,0,0,0,0,0,0,0,0,0,0,0,0,0,0,0,0,0,0,0,0,0,0,0,0,0,0,0,0,0
Canada,Manitoba,53.7609,-98.8139,0,0,1,6,7,7,8,14,20,67,312,667,829,895,935,974,1053,1141,1178,1189,1211,1246,1319,1392,1562,1680,1744,1792,1928,2043,2061,2105,2160,2211,2256,2331,2418,2460,2464
Canada,New Brunswick,46.5653,-66.4619,0,0,0,0,0,2,2,2,2,6,7,9,18,27,30,36,43,45,46,46,59,117,125,160,238,304,349,384,416,425,443,462,480,585,609,635,773,825,834
Canada,Newfoundland and Labrador,53.1355,-57.6604,0,0,1,3,3,3,3,3,3,4,4,4,4,6,6,6,6,7,7,7,8,16,18,19,40,66,110,162,182,192,203,223,236,254,271,288,296,311,318
Canada,Northwest Territories,64.8255,-124.8457,0,0,0,0,0,0,0,0,0,0,0,0,0,0,0,0,0,0,0,1,6,11,12,12,15,19,21,22,22,22,22,22,22,22,22,22,22,22,22
Canada,Nova Scotia,44.682,-63.7443,0,0,0,28,60,63,64,65,65,65,65,65,65,65,66,67,85,92,93,94,97,100,110,111,142,193,245,314,391,421,467,490,531,583,639,674,715,786,794
Canada,Nunavut,70.2998,-83.1076,0,0,0,0,0,0,0,0,0,0,0,1,1,1,4,4,4,4,4,4,4,4,4,4,5,5,6,7,7,7,7,7,7,7,7,7,7,7,7
Canada,Ontario,51.2538,-85.3232,0,0,33,1082,2266,2672,2775,2811,2848,3136,3656,4530,6188,6980,7366,8050,8757,9168,9345,9503,9732,9871,10000,10194,11444,12433,12638,12825,13241,13421,13702,14032,14415,14770,15176,15538,15903,16138,16234
Canada,Prince Edward Island,46.5107,-63.4168,0,0,0,1,0,0,0,0,0,0,0,0,0,0,0,0,0,0,0,0,0,0,0,0,10,15,18,25,33,35,49,53,59,66,76,82,88,92,93
Canada,Quebec,52.9399,-73.5491,0,0,82,2728,5173,5633,5719,5780,5879,6335,7148,8356,9794,10393,10667,10926,11128,11210,11241,11286,11371,11494,11579,11724,13223,13981,14365,15000,15420,15589,15959,16374,16784,17043,17354,17690,17954,18101,18160
Canada,Repatriated Travellers,,,0,0,0,0,0,0,0,0,0,0,0,0,0,0,0,0,0,0,0,0,0,0,0,0,0,0,0,0,0,0,0,0,0,0,0,0,0,0,0
Canada,Saskatchewan,52.9399,-106.4509,0,0,2,6,11,13,18,24,24,25,47,155,304,385,436,491,539,568,578,603,695,851,926,955,992,1091,1209,1309,1376,1403,1438,1479,1507,1604,1701,1781,1826,1882,1890
Canada,Yukon,64.2823,-135.0,0,0,0,0,0,0,0,0,0,1,1,1,1,1,1,2,2,5,7,8,9,10,13,15,16,21,24,25,26,26,26,30,31,32,32,32,32,32,32
Central African Republic,Unknown,6.6111,20.9394,0,0,0,0,2,47,59,62,62,62,63,63,63,63,67,88,98,98,98,100,100,100,101,101,110,113,113,113,113,113,113,113,113,113,113,113,113,113,113
Chad,Unknown,15.4542,18.7322,0,0,0,5,65,74,75,77,85,98,101,104,118,140,164,170,173,174,174,174,174,174,175,181,190,190,191,193,193,193,193,193,193,194,194,194,194,194,194
Chile,Unknown,-35.6751,-71.543,0,0,12,227,1054,5688,9457,11289,12741,14207,15410,16608,18452,20572,23135,26353,29300,32545,35448,36937,37468,37757,38346,39115,39721,42353,56580,57527,57892,58479,59577,60451,61154,61677,62422,63172,63812,64175,64273
China,Anhui,31.8257,117.2264,0,6,6,6,6,6,6,6,6,6,6,6,6,6,6,6,6,6,6,6,6,6,6,6,6,6,6,6,6,6,6,6,6,6,6,7,7,7,7
China,Beijing,40.1824,116.4142,1,8,8,9,9,9,9,9,9,9,9,9,9,9,9,9,9,9,9,9,9,9,9,9,9,9,9,9,9,9,9,9,9,9,13,20,20,20,20
China,Chongqing,30.0572,107.874,0,6,6,6,6,6,6,6,6,6,6,6,6,6,6,6,6,6,6,6,6,6,6,6,6,6,6,6,6,6,6,6,6,6,7,9,11,11,11
China,Fujian,26.0789,117.9874,0,1,1,1,1,1,1,1,1,1,1,1,1,1,1,1,1,1,1,1,1,1,1,1,1,1,1,1,1,1,1,1,1,1,1,2,2,2,2
China,Gansu,35.7518,104.2861,0,2,2,2,2,2,2,2,2,2,2,2,2,2,2,2,2,2,2,2,2,2,2,2,2,2,2,2,2,2,2,2,2,2,2,2,2,2,2
China,Guangdong,23.3417,113.4244,0,7,8,8,8,8,8,8,8,8,8,8,8,8,8,8,8,8,8,8,8,8,8,8,8,8,8,8,8,8,8,8,8,8,8,8,10,10,10
China,Guangxi,23.8298,108.7881,0,2,2,2,2,2,2,2,2,2,2,2,2,2,2,2,2,2,2,2,2,2,2,2,2,2,2,2,2,2,2,2,2,2,2,2,2,2,2
China,Guizhou,26.8154,106.8748,0,2,2,2,2,2,2,2,2,2,2,2,2,2,2,2,2,2,2,2,2,2,2,2,2,2,2,2,2,2,2,2,2,2,2,2,2,2,2
China,Hainan,19.1959,109.7453,1,5,6,6,6,6,6,6,6,6,6,6,6,6,6,6,6,6,6,6,6,6,6,6,6,6,6,6,6,6,6,6,6,6,6,6,6,6,6
China,Hebei,39.549,116.1306,1,6,6,6,6,6,6,6,6,6,6,6,7,7,7,7,7,7,7,7,7,7,7,7,7,7,7,7,7,7,7,7,7,7,7,7,7,7,7
China,Heilongjiang,47.862,127.7615,2,13,13,13,13,13,13,13,13,13,13,13,13,13,13,13,13,13,13,13,13,13,13,13,13,13,13,13,13,13,13,13,13,13,13,13,18,18,18
China,Henan,37.8957,114.9042,2,21,22,22,22,22,22,22,22,22,22,22,22,22,22,22,22,22,22,22,22,22,22,22,22,22,22,22,22,22,22,22,22,22,23,23,23,23,23
China,Hong Kong,22.3,114.2,0,2,4,4,4,7,27,89,105,105,109,148,181,199,205,209,210,211,212,212,213,213,213,213,213,744,7825,9308,9378,9401,9503,9690,10161,10397,10747,11807,13353,13459,13467
China,Hubei,30.9756,112.2707,204,2727,3187,4512,4512,4512,4512,4512,4512,4512,4512,4512,4512,4512,4512,4512,4512,4512,4512,4512,4512,4512,4512,4512,4512,4512,4512,4512,4512,4512,4512,4512,4512,4512,4512,4512,4515,4515,4515
China,Hunan,27.6104,111.7088,0,4,4,4,4,4,4,4,4,4,4,4,4,4,4,4,4,4,4,4,4,4,4,4,4,4,4,4,4,4,4,4,4,4,4,4,4,4,4
China,Inner Mongolia,44.0935,113.9448,0,0,1,1,1,1,1,1,1,1,1,1,1,1,1,1,1,1,1,1,1,1,1,1,1,1,1,1,1,1,1,1,1,1,1,1,1,1,1
China,Jiangsu,32.9711,119.455,0,0,0,0,0,0,0,0,0,0,0,0,0,0,0,0,0,0,0,0,0,0,0,0,0,0,0,0,0,0,0,0,0,0,0,0,0,0,0
China,Jiangxi,27.614,115.7221,0,1,1,1,1,1,1,1,1,1,1,1,1,1,1,1,1,1,1,1,1,1,1,1,1,1,1,1,1,1,1,1,1,1,1,1,2,2,2
China,Jilin,43.6661,126.1923,0,1,1,1,2,2,2,2,2,2,2,2,3,3,3,3,3,3,3,3,3,3,3,3,3,3,5,5,5,5,5,5,5,5,5,5,5,5,5
China,Liaoning,41.2956,122.6085,0,1,2,2,2,2,2,2,2,2,2,2,2,2,2,2,2,2,2,2,2,2,2,2,2,2,2,2,2,2,2,2,2,2,2,2,2,2,2
China,Macau,22.1667,113.55,0,0,0,0,0,0,0,0,0,0,0,0,0,0,0,0,0,0,0,0,0,0,0,0,0,0,0,0,0,0,6,6,6,6,6,45,120,121,121
China,Ningxia,37.2692,106.1655,0,0,0,0,0,0,0,0,0,0,0,0,0,0,0,0,0,0,0,0,0,0,0,0,0,0,0,0,0,0,0,0,0,0,0,0,0,0,0
China,Qinghai,35.7452,95.9956,0,0,0,0,0,0,0,0,0,0,0,0,0,0,0,0,0,0,0,0,0,0,0,0,0,0,0,0,0,0,0,0,0,0,0,0,0,0,0
China,Shaanxi,35.1917,108.8701,0,1,3,3,3,3,3,3,3,3,3,3,3,3,3,3,3,3,3,3,3,3,3,3,3,3,3,3,3,3,3,3,3,3,3,5,5,5,5
China,Shandong,36.3427,118.1498,0,6,7,7,7,7,7,7,7,7,7,7,7,7,7,7,7,7,7,7,7,7,7,7,7,7,7,7,7,7,7,7,7,7,7,8,10,10,10
China,Shanghai,31.202,121.4491,1,3,5,7,7,7,7,7,7,7,7,7,7,7,7,7,7,7,7,7,7,7,7,7,7,7,7,391,595,595,595,595,595,595,595,595,595,595,595
China,Shanxi,37.5777,112.2922,0,0,0,0,0,0,0,0,0,0,0,0,0,0,0,0,0,0,0,0,0,0,0,0,0,0,0,0,0,0,0,0,0,0,0,0,1,1,1
China,Sichuan,30.6171,102.7103,1,3,3,3,3,3,3,3,3,3,3,3,3,3,3,3,3,3,3,3,3,3,3,3,3,3,3,3,3,3,3,3,3,3,4,7,12,12,12
China,Tianjin,39.3054,117.323,0,3,3,3,3,3,3,3,3,3,3,3,3,3,3,3,3,3,3,3,3,3,3,3,3,3,3,3,3,3,3,3,3,3,3,3,3,3,3
China,Tibet,31.6927,88.0924,0,0,0,0,0,0,0,0,0,0,0,0,0,0,0,0,0,0,0,0,0,0,0,0,0,0,0,0,0,0,0,0,0,0,0,0,0,0,0
China,Unknown,,,0,0,14,60,70,72,72,73,74,75,84,99,143,174,182,185,185,186,199,208,220,230,240,254,270,275,286,291,293,300,311,318,320,323,323,2,78917,82195,82195
China,Xinjiang,41.1129,85.2401,0,3,3,3,3,3,3,3,3,3,3,3,3,3,3,3,3,3,3,3,3,3,3,3,3,3,3,3,3,3,3,3,3,3,3,3,3,3,3
China,Yunnan,24.974,101.487,0,2,2,2,2,2,2,2,2,2,2,2,2,2,2,2,2,2,2,2,2,2,2,2,2,2,2,2,2,2,2,2,2,2,2,2,4,4,4
China,Zhejiang,29.1832,120.0934,0,1,1,1,1,1,1,1,1,1,1,1,1,1,1,1,1,1,1,1,1,1,1,1,1,1,1,1,1,1,1,1,1,1,1,1,1,1,1
Colombia,Unknown,4.5709,-74.2973,0,0,16,293,939,3334,10105,19662,25998,31314,36766,43213,53983,59766,63422,73720,88774,106544,120723,124945,126299,127281,128528,129942,134300,138767,139621,139797,139854,140070,140845,141519,141794,141837,141881,141881,142186,142315,142339
Comoros,Unknown,-11.6455,43.3333,0,0,0,0,2,7,7,7,7,7,7,10,93,144,146,146,146,146,147,147,147,147,150,157,160,160,160,160,161,160,160,161,161,161,161,161,161,161,161
Congo (Brazzaville),Unknown,-0.228,15.8277,0,0,0,9,20,37,54,78,114,92,94,108,117,128,135,144,153,165,178,183,193,258,354,367,371,378,385,385,385,385,386,386,386,386,386,386,388,388,388
Congo (Kinshasa),Unknown,-4.0383,21.7587,0,0,8,31,72,170,215,258,272,307,333,591,671,707,743,766,782,924,1038,1059,1084,1091,1107,1205,1278,1335,1337,1337,1338,1371,1390,1400,1443,1445,1455,1462,1463,1464,1464
Costa Rica,Unknown,9.7489,-83.7534,0,0,2,6,10,16,150,436,904,1385,1726,2185,2604,2800,2957,3231,4041,4667,5030,5506,6386,7029,7299,7353,7575,8037,8300,8405,8495,8525,8720,8856,8970,8990,9038,9072,9158,9214,9245
Cote d'Ivoire,Unknown,7.54,-5.5471,0,0,1,14,33,68,102,117,120,126,132,137,154,192,244,286,305,313,329,441,624,695,704,714,785,793,796,799,799,805,811,819,826,827,830,831,833,834,834
Croatia,Unknown,45.1,15.2,0,0,6,69,103,107,145,186,280,546,1786,3920,5027,5526,5947,7081,8026,8206,8259,8334,8640,9220,10899,12538,13827,15069,15563,15828,15987,16065,16313,16702,16908,17142,17316,17596,17877,17971,17987
Cuba,Unknown,21.521757,-77.781167,0,0,6,61,83,86,87,94,122,128,135,146,214,322,424,644,958,1284,2758,5303,7436,8236,8304,8322,8399,8494,8510,8526,8529,8529,8529,8530,8530,8530,8530,8530,8530,8530,8530
Cyprus,Unknown,35.1264,33.4299,0,0,7,15,17,19,19,21,22,25,48,120,198,232,257,309,361,375,420,510,552,575,597,638,733,856,940,1020,1059,1072,1115,1168,1182,1194,1226,1258,1287,1305,1330
Czechia,Unknown,49.8175,15.473,0,0,31,236,320,349,382,424,655,3251,8295,11580,16308,20339,26421,29267,30108,30303,30373,30404,30459,30753,33069,36129,37209,38592,39692,40155,40288,40318,40477,40829,41104,41580,41882,42131,42307,42436,42491
Denmark,Faroe Islands,61.8926,-6.9118,0,0,0,0,0,0,0,0,0,0,0,0,1,1,1,1,1,1,2,2,2,2,13,14,18,28,28,28,28,28,28,28,28,28,28,28,28,28,28
Denmark,Greenland,71.7069,-42.6043,0,0,0,0,0,0,0,0,0,0,0,0,0,0,0,0,0,0,0,0,0,0,0,1,5,18,21,21,21,21,21,21,21,21,21,21,21,21,21
Denmark,Unknown,56.2639,9.5018,0,0,90,452,574,605,615,624,650,721,837,1298,2125,2361,2419,2483,2516,2534,2549,2584,2656,2714,2895,3267,3755,4612,5698,6158,6363,6469,6639,6923,7074,7347,7532,7758,8145,8265,8296
Diamond Princess,Unknown,0.0,0.0,0,6,10,13,13,13,13,13,13,13,13,13,13,13,13,13,13,13,13,13,13,13,13,13,13,13,13,13,13,13,13,13,13,13,13,13,13,13,13
Djibouti,Unknown,11.8251,42.5903,0,0,0,2,24,54,58,60,61,61,61,61,63,63,70,143,154,155,156,157,167,181,186,189,189,189,189,189,189,189,189,189,189,189,189,189,189,189,189
Dominica,Unknown,15.415,-61.371,0,0,0,0,0,0,0,0,0,0,0,0,0,0,0,0,0,0,0,4,20,32,38,47,51,57,63,63,65,68,68,68,74,74,74,74,74,74,74
Dominican Republic,Unknown,18.7357,-70.1627,0,0,51,301,502,747,1160,1710,2105,2245,2331,2414,2666,3100,3325,3480,3628,3822,3963,4008,4046,4130,4204,4247,4307,4368,4375,4376,4377,4383,4383,4384,4384,4384,4384,4384,4384,4384,4384
Ecuador,Unknown,-1.8312,-78.1834,0,0,75,900,3358,4527,5702,6556,11355,12670,13461,14034,14859,15811,16847,18631,20572,21560,31631,32259,32784,32980,33296,33681,34533,35223,35421,35598,35637,35725,35801,35843,35894,35920,35940,35940,35942,36008,36014
Egypt,Unknown,26.820553,30.802498,0,0,46,392,959,2953,4805,5421,5930,6266,6650,7631,9316,10688,11995,13339,15096,16169,16524,16736,17331,18651,20474,21752,22635,24074,24417,24613,24718,24723,24765,24794,24797,24798,24798,24801,24805,24809,24812
El Salvador,Unknown,13.7942,-88.8965,0,0,1,10,46,174,448,717,843,975,1114,1327,1623,1854,2006,2124,2249,2381,2629,2918,3234,3629,3776,3824,3899,4071,4119,4128,4132,4144,4194,4223,4229,4230,4230,4230,4230,4230,4230
Equatorial Guinea,Unknown,1.6508,10.2679,0,0,0,1,12,32,83,83,83,83,85,86,86,91,102,112,118,121,123,126,147,167,175,175,182,182,183,183,183,183,183,183,183,183,183,183,183,183,183
Eritrea,Unknown,15.1794,39.7823,0,0,0,0,0,0,0,0,0,0,0,3,7,7,10,10,14,23,35,38,42,45,60,76,98,103,103,103,103,103,103,103,103,103,103,103,103,103,103
Estonia,Unknown,58.5953,25.0136,0,0,4,52,68,69,69,69,64,73,118,229,419,589,902,1161,1252,1269,1272,1292,1357,1531,1800,1932,2036,2236,2459,2539,2574,2591,2620,2651,2681,2739,2790,2854,2912,2940,2946
Eswatini,Unknown,-26.5225,31.4659,0,0,0,1,2,11,41,91,109,117,122,205,565,652,667,671,673,678,787,1101,1220,1242,1248,1303,1375,1390,1394,1397,1409,1416,1417,1422,1422,1422,1422,1422,1422,1423,1425
Ethiopia,Unknown,9.145,40.4897,0,0,0,3,11,103,274,809,1198,1469,1706,1923,2093,2365,2865,3688,4165,4320,4385,4675,5582,6459,6755,6937,7337,7462,7497,7510,7513,7536,7568,7572,7572,7572,7572,7572,7572,7572,7572
Fiji,Unknown,-17.7134,178.065,0,0,0,0,0,0,1,2,2,2,2,2,2,2,2,2,4,21,238,496,624,674,696,698,801,834,834,862,864,866,870,878,878,878,878,881,883,883,883
Finland,Unknown,61.92411,25.748151,0,0,51,256,305,309,312,314,329,350,442,592,703,784,882,932,975,984,1005,1057,1118,1245,1478,1714,1990,2366,3144,3939,4522,4875,5012,5577,5981,6568,7265,7933,8639,8892,8967
France,French Guiana,3.9339,-53.1258,0,0,0,1,1,15,43,59,66,70,70,71,76,85,89,100,116,145,185,215,262,306,327,338,371,391,394,395,397,401,404,408,410,411,411,411,413,413,413
France,French Polynesia,-17.6797,149.4068,0,0,0,0,0,0,0,0,7,29,75,114,131,139,141,141,142,142,149,436,621,636,636,636,636,639,646,648,649,649,649,649,649,649,649,649,649,649,649
France,Guadeloupe,16.265,-61.551,0,0,4,12,14,14,14,16,57,126,149,155,157,164,173,211,255,267,280,508,769,815,823,835,844,918,931,942,947,955,965,986,989,993,995,997,1007,1010,1010
France,Martinique,14.6415,-61.0242,0,0,3,14,14,14,15,16,21,30,40,42,44,45,50,70,95,99,104,411,626,681,710,777,832,871,913,918,918,965,992,1022,1042,1047,1071,1076,1089,1092,1092
France,Mayotte,-12.8275,45.166244,0,0,1,4,21,35,39,40,42,44,49,55,61,102,161,170,173,174,174,175,178,185,185,185,187,187,187,187,187,187,187,187,187,187,187,187,188,187,187
France,New Caledonia,-20.904305,165.618042,0,0,0,0,0,0,0,0,0,0,0,0,0,0,0,0,0,0,0,0,119,265,276,281,283,299,311,312,313,313,314,314,314,314,314,314,314,314,314
France,Reunion,-21.1151,55.5364,0,0,0,0,1,2,4,9,16,24,40,42,46,52,115,148,189,237,275,332,366,374,384,409,500,640,709,749,777,812,832,861,895,899,902,906,919,921,921
France,Saint Barthelemy,17.9,-62.8333,0,0,0,0,0,0,0,0,0,0,0,0,0,0,1,1,1,1,1,1,2,6,6,6,6,6,6,6,6,6,6,6,6,6,6,6,6,6,6
France,Saint Pierre and Miquelon,46.8852,-56.3159,0,0,0,0,0,0,0,0,0,0,0,0,0,0,0,0,0,0,0,0,0,0,0,0,0,1,1,1,1,1,1,1,1,1,1,2,2,2,2
France,St Martin,18.0708,-63.0501,0,0,1,3,3,3,3,5,8,9,12,12,12,12,12,13,15,27,30,33,35,56,56,58,61,63,63,63,63,63,63,63,63,63,63,63,63,63,63
France,Wallis and Futuna,-14.2938,-178.1165,0,0,0,0,0,0,0,0,0,0,0,0,0,0,4,7,7,7,7,7,7,7,7,7,7,7,7,7,7,7,7,7,7,7,7,7,7,7,7
France,Unknown,46.2276,2.2137,0,2,3517,24315,28751,29763,30150,30501,31761,36495,52383,64267,75673,85980,95052,103815,108700,110161,110856,112824,114491,115294,116702,121201,128210,135360,139139,142739,145101,146213,148603,150629,151589,153457,155384,158385,160618,161340,161512
Gabon,Unknown,-0.8037,11.6094,0,0,1,3,17,42,49,53,54,55,60,64,68,83,118,139,152,159,164,166,186,239,279,288,301,303,303,304,304,305,306,306,306,306,306,306,306,306,306
Gambia,Unknown,13.4432,-15.3101,0,0,1,1,1,2,9,96,112,119,123,124,128,150,165,174,179,181,212,319,338,340,342,343,362,365,365,365,365,365,368,371,372,372,372,372,372,372,372
Georgia,Unknown,42.3154,43.3569,0,0,0,6,12,15,17,19,36,307,1267,2505,3178,3510,3778,4110,4773,5316,5820,7408,8946,10045,12054,13800,14930,16113,16695,16757,16777,16791,16809,16839,16861,16873,16888,16897,16926,16965,16971
Germany,Unknown,51.165691,10.451526,0,0,583,6288,8500,8973,9141,9298,9488,10452,16248,33071,56945,70045,76342,82850,88442,90875,91637,92200,93638,95606,101344,111602,117786,122702,129391,135292,139000,141105,143855,147404,149948,153544,157791,161465,165711,168086,168935
Ghana,Unknown,7.9465,-1.0232,0,0,5,17,36,112,182,276,301,320,323,335,416,607,743,779,785,796,823,1036,1156,1175,1209,1295,1395,1442,1445,1445,1445,1450,1457,1459,1459,1460,1461,1461,1462,1462,1462
Greece,Unknown,39.0742,21.8243,0,0,38,140,175,192,206,266,391,626,2406,4838,5796,6504,8093,10381,12095,12706,12965,13691,14828,15938,18157,20790,23500,25860,27510,29153,29845,30232,30999,32552,33111,33574,34309,34779,34779,34779,34779
Grenada,Unknown,12.1165,-61.679,0,0,0,0,0,0,0,0,0,0,0,0,1,1,1,1,1,1,1,2,141,198,200,200,210,216,218,220,226,232,234,236,237,237,237,238,238,238,238
Guatemala,Unknown,15.7835,-90.2308,0,0,1,16,108,773,1924,2760,3246,3729,4171,4813,5643,6393,6840,7524,8165,9215,10339,11926,13564,15094,15943,16107,16385,16971,17312,17584,18152,18561,19037,19490,19795,19888,19951,20001,20106,20173,20182
Guinea,Unknown,9.9456,-9.6966,0,0,0,7,23,33,46,59,66,72,76,81,82,89,125,144,161,171,220,337,379,385,387,391,419,440,440,442,442,442,445,447,449,456,464,466,467,467,467
Guinea-Bissau,Unknown,11.8037,-15.1804,0,0,0,1,8,24,26,34,39,41,44,45,45,48,63,67,68,69,76,119,135,141,148,149,156,167,170,171,171,171,172,175,175,176,176,176,176,176,176
Guyana,Unknown,4.860416,-58.93018,0,0,2,9,12,12,20,39,80,124,151,164,176,195,231,296,389,469,541,622,786,913,994,1054,1168,1220,1226,1228,1234,1254,1271,1278,1281,1281,1285,1286,1294,1298,1298
Haiti,Unknown,18.9712,-72.2852,0,0,0,6,35,104,159,201,227,232,232,236,245,250,251,260,321,447,563,586,626,686,746,773,804,820,833,835,835,837,838,841,857,857,860,860,860,860,860
Holy See,Unknown,41.9029,12.4534,0,0,0,0,0,0,0,0,0,0,0,0,0,0,0,0,0,0,0,0,0,0,0,0,0,0,0,0,0,0,0,0,0,0,0,0,0,0,0
Honduras,Unknown,15.2,-86.2419,0,0,7,71,212,497,1337,1873,2353,2669,2918,3130,3610,4151,4605,5281,6353,7005,7834,8850,9777,10239,10402,10433,10512,10720,10971,10893,10899,10906,10932,10972,10993,11037,11043,11071,11104,11111,11111
Hungary,Unknown,47.1625,19.5033,0,0,16,312,526,585,596,615,765,1750,4823,9537,12524,14974,20737,27540,29733,29992,30026,30058,30190,30729,34521,39186,41405,43949,45470,46201,46507,46647,46790,47291,47503,47938,48287,48495,48658,48745,48762
Iceland,Unknown,64.9631,-19.0208,0,0,5,10,10,10,10,10,10,12,26,29,29,29,29,29,30,30,30,33,33,33,35,37,46,62,101,119,153,153,179,213,213,213,219,229,238,263,263
India,Unknown,20.593684,78.96288,0,0,35,1154,5408,17400,36511,65288,98678,122111,137621,148994,154392,157157,162927,211853,331895,399459,424351,439020,448339,458437,469247,481486,496242,514023,521181,523843,524636,525139,526396,527911,528655,529077,530622,530705,530740,530772,530779
Indonesia,Unknown,-0.7893,113.9213,0,0,136,792,1613,2876,5131,7417,10740,13869,16945,22138,29998,36166,40858,45521,50578,58491,94119,133023,141939,143405,143830,144094,144320,148335,155089,156257,156591,156737,156993,157566,158112,158631,159830,160612,160814,160914,160941
Iran,Unknown,32.427908,53.688046,0,43,2898,6028,7797,10817,16766,21571,26169,34864,48246,55223,57959,60073,62665,71758,80156,84264,90630,107794,120428,126303,129830,131606,132454,136838,140204,141083,141315,141389,141998,143867,144426,144576,144633,144685,144749,144845,144933
Iraq,Unknown,33.223191,43.679291,0,0,50,93,205,1943,4741,7042,9181,10910,12258,12813,13047,13406,14323,15465,16375,17186,18657,20830,22260,23170,23820,24158,24389,24989,25164,25211,25219,25241,25315,25346,25355,25358,25364,25373,25375,25375,25375
Ireland,Unknown,53.1424,-7.6921,0,0,71,1232,1652,1736,1764,1777,1804,1913,2053,2237,3307,4319,4687,4903,4941,4998,5035,5092,5249,5436,5652,5912,6136,6497,6753,7087,7304,7499,7675,7839,7942,8043,8197,8293,8462,8655,8708
Israel,Unknown,31.046051,34.851612,0,0,21,225,287,327,564,953,1604,2561,2872,3325,4796,5752,6209,6363,6412,6430,6473,7043,7761,8100,8196,8243,8805,10198,10485,10695,10852,10958,11377,11620,11698,11767,11863,12037,12193,12290,12329
Italy,Unknown,41.87194,12.56738,0,29,12428,27967,33415,34767,35141,35483,35894,38618,55576,74159,88516,97699,109346,120807,126128,127566,128063,129221,130921,132100,133828,137402,146498,154767,159383,163507,166697,168353,172086,175595,177092,179101,181098,184642,186833,188094,188322
Jamaica,Unknown,18.1096,-77.2975,0,0,1,8,9,10,10,21,107,206,257,302,350,422,596,778,948,1075,1190,1518,1869,2236,2392,2473,2658,2813,2888,2962,3056,3128,3194,3254,3317,3320,3399,3461,3480,3500,3514
Japan,Unknown,36.204824,138.252924,0,6,67,481,898,974,1013,1300,1575,1770,2152,3492,5753,7897,9176,10243,13059,14784,15193,16067,17651,18267,18360,18392,18815,23670,28124,29571,30623,31281,32613,39942,44918,46765,49652,57274,68099,72395,72997
Jordan,Unknown,31.24,36.51,0,0,5,8,9,9,11,15,61,829,2751,3834,4316,4701,6858,8836,9462,9750,10032,10411,10718,11038,11608,12653,13217,13835,14031,14064,14066,14068,14074,14110,14122,14122,14122,14122,14122,14122,14122
Kazakhstan,Unknown,48.0196,66.9237,0,0,2,25,41,188,793,1878,2075,2219,2477,2749,3126,3389,5912,6561,7321,7759,9077,12936,15907,17078,17845,18211,18508,18937,19011,19013,19015,19018,19022,19041,19050,19052,19053,19057,19065,19068,19071
Kenya,Unknown,-0.0236,37.9062,0,0,1,17,64,148,341,577,711,981,1469,1670,1763,1856,2153,2724,3172,3634,3931,4726,5123,5281,5335,5378,5583,5639,5648,5649,5651,5652,5672,5674,5678,5678,5684,5688,5688,5688,5688
Kiribati,Unknown,-3.3704,-168.734,0,0,0,0,0,0,0,0,0,0,0,0,0,0,0,0,0,0,0,0,0,0,0,0,0,11,13,13,13,13,13,13,13,13,13,13,18,18,18
"Korea, North",Unknown,40.3399,127.5101,0,0,0,0,0,0,0,0,0,0,0,0,0,0,0,0,0,0,0,0,0,0,0,0,0,0,0,0,6,6,6,6,6,6,6,6,6,6,6
"Korea, South",Unknown,35.907757,127.766922,0,16,162,248,271,282,301,324,415,466,526,917,1425,1605,1735,1831,1963,2021,2098,2292,2497,2858,3659,5625,6772,8170,16590,22875,24197,24555,25068,26876,28445,29209,30568,32219,33486,33988,34093
Kosovo,Unknown,42.602636,20.902977,0,0,1,22,30,49,227,525,625,678,1016,1332,1498,1592,1866,2134,2248,2262,2269,2503,2953,2977,2984,2990,3015,3114,3134,3138,3139,3140,3171,3196,3199,3202,3202,3202,3203,3211,3211
Kuwait,Unknown,29.31166,47.481766,0,0,0,26,212,354,447,531,610,779,880,934,959,1083,1313,1563,1772,1969,2320,2419,2449,2461,2465,2468,2497,2538,2554,2555,2555,2555,2559,2563,2563,2568,2570,2570,2570,2570,2570
Kyrgyzstan,Unknown,41.20438,74.766098,0,0,0,8,16,61,1378,1498,1064,1144,1275,1355,1412,1466,1500,1604,1808,2000,2325,2528,2607,2671,2746,2802,2880,2958,2988,2991,2991,2991,2991,2991,2991,2991,2991,2991,2991,2991,2991
Laos,Unknown,19.85627,102.495496,0,0,0,0,0,0,0,0,0,0,0,0,0,0,0,0,3,3,7,14,18,65,170,372,547,621,665,744,756,757,757,757,758,758,758,758,758,758,758
Latvia,Unknown,56.8796,24.6032,0,0,0,15,24,30,32,34,37,71,206,635,1195,1618,1899,2131,2376,2513,2556,2578,2717,3253,4179,4570,4873,5239,5616,5766,5824,5860,5892,5946,5994,6053,6091,6161,6214,6258,6269
Lebanon,Unknown,33.8547,35.8623,0,0,12,24,27,34,61,167,367,637,1018,1468,3082,4692,6234,7278,7729,7851,7906,8053,8325,8502,8725,9119,9606,10091,10303,10386,10429,10465,10532,10627,10676,10708,10737,10746,10790,10828,10841
Lesotho,Unknown,-29.61,28.2336,0,0,0,0,0,0,13,31,36,44,44,51,172,292,315,316,326,329,374,403,403,658,662,665,693,696,697,697,698,699,702,704,706,706,706,706,723,723,723
Liberia,Unknown,6.428055,-9.429499,0,0,0,16,27,36,73,82,82,82,83,83,84,85,85,85,86,127,148,245,286,287,287,287,290,294,294,294,294,294,294,294,294,294,294,294,294,294,295
Libya,Unknown,26.3351,17.228331,0,0,0,3,5,24,76,237,551,857,1183,1478,1877,2179,2667,3029,3126,3193,3509,4247,4651,5099,5456,5710,6017,6261,6415,6430,6430,6430,6431,6437,6437,6437,6437,6437,6437,6437,6437
Liechtenstein,Unknown,47.14,9.55,0,0,0,1,1,1,1,1,1,3,17,44,53,55,56,56,57,58,58,58,58,61,61,69,73,78,84,85,84,85,86,86,86,87,87,88,89,89,89
Lithuania,Unknown,55.1694,23.8813,0,0,4,32,54,61,63,69,77,152,619,1800,2822,3258,3576,3931,4276,4385,4410,4561,4998,5888,6755,7397,7889,8426,8885,9098,9146,9173,9208,9289,9320,9393,9434,9481,9541,9585,9596
Luxembourg,Unknown,49.8153,6.1296,0,0,23,90,110,110,114,124,124,152,321,495,577,637,746,796,815,818,822,830,835,843,875,915,952,991,1036,1064,1078,1094,1109,1123,1129,1145,1162,1178,1210,1215,1220
MS Zaandam,Unknown,0.0,0.0,0,0,0,2,2,2,2,2,2,2,2,2,2,2,2,2,2,2,2,2,2,2,2,2,2,2,2,2,2,2,2,2,2,2,2,2,2,2,2
Madagascar,Unknown,-18.766947,46.869107,0,0,0,0,6,20,106,192,230,244,251,261,281,297,418,643,839,913,943,956,958,963,967,1027,1274,1366,1384,1391,1395,1398,1408,1410,1410,1411,1412,1416,1419,1422,1423
Malawi,Unknown,-13.2543,34.3015,0,0,0,3,4,14,114,175,179,184,185,189,702,1044,1117,1148,1155,1196,1635,2177,2282,2301,2306,2364,2561,2615,2626,2634,2640,2645,2665,2676,2682,2683,2896,2685,2686,2686,2686
Malaysia,Unknown,4.210484,101.975766,0,0,48,103,115,121,125,127,136,263,360,471,760,1135,1272,1506,2796,5170,9024,16664,26335,28912,30425,31487,31978,32749,34983,35547,35676,35765,35969,36232,36374,36475,36684,36853,36942,36958,36967
Maldives,Unknown,3.2028,73.2207,0,0,0,1,5,9,16,28,34,38,46,48,52,62,67,73,160,210,221,226,231,243,250,262,276,297,298,298,299,305,307,308,308,308,311,311,311,311,311
Mali,Unknown,17.570692,-3.996166,0,0,2,26,77,116,124,126,131,136,156,269,330,353,385,484,517,525,532,539,548,563,606,660,714,722,727,732,734,737,739,739,742,742,742,743,743,743,743
Malta,Unknown,35.9375,14.3754,0,0,0,4,9,9,9,12,35,62,137,219,267,315,392,413,419,420,423,441,457,461,468,476,550,605,638,698,721,741,794,801,806,808,809,815,824,827,828
Marshall Islands,Unknown,7.1315,171.1845,0,0,0,0,0,0,0,0,0,0,0,0,0,0,0,0,0,0,0,0,0,0,0,0,0,0,0,0,0,0,0,17,17,17,17,17,17,17,17
Mauritania,Unknown,21.0079,-10.9408,0,0,1,1,23,129,157,159,161,163,177,347,422,441,449,455,463,489,562,715,775,797,832,866,953,979,982,982,982,983,992,993,995,997,997,997,997,997,997
Mauritius,Unknown,-20.348404,57.552152,0,0,3,10,10,10,10,10,10,10,10,10,10,10,10,16,18,18,20,31,84,176,527,786,822,904,968,990,996,1003,1013,1023,1026,1032,1034,1041,1043,1044,1044
Mexico,Unknown,23.6345,-102.5528,0,0,29,1859,9930,27769,46688,64414,77646,91753,105940,125807,158536,185715,203210,216907,223568,233047,240906,259326,277507,288365,293950,299428,306091,318149,323016,324334,324922,325716,327525,329390,330112,330392,330495,331105,332198,332988,333188
Micronesia,Unknown,7.4256,150.5508,0,0,0,0,0,0,0,0,0,0,0,0,0,0,0,0,0,0,0,0,0,0,0,0,0,0,0,0,0,0,4,26,31,55,58,58,58,60,61
Moldova,Unknown,47.4116,28.3699,0,0,4,116,295,545,778,995,1320,1785,2304,2985,3438,3949,4960,5812,6107,6194,6255,6401,6777,7790,9119,10275,10642,11216,11431,11489,11537,11567,11608,11755,11844,11887,11918,11933,11953,11974,12003
Monaco,Unknown,43.7333,7.4167,0,0,1,4,4,4,4,4,4,2,3,3,13,24,28,32,32,33,33,33,33,36,36,38,47,51,54,57,57,58,61,61,63,65,65,65,65,67,67
Mongolia,Unknown,46.8625,103.8467,0,0,0,0,0,0,0,0,0,0,0,1,2,2,8,118,253,496,713,836,1204,1661,1930,1986,2036,2096,2108,2110,2115,2118,2119,2128,2131,2131,2134,2136,2136,2136,2136
Montenegro,Unknown,42.708678,19.37439,0,0,2,7,9,12,48,100,169,301,499,682,805,1003,1274,1495,1584,1613,1630,1724,1923,2103,2307,2411,2564,2680,2702,2714,2720,2729,2746,2773,2782,2786,2790,2791,2797,2804,2808
Morocco,Unknown,31.7917,-7.0926,0,0,36,170,205,228,353,1141,2194,3695,5846,7388,8275,8623,8818,9023,9147,9296,9785,12649,14267,14668,14776,14849,15400,15988,16060,16069,16076,16109,16237,16273,16278,16281,16284,16294,16296,16296,16296
Mozambique,Unknown,-18.665695,35.529562,0,0,0,0,2,6,11,23,61,92,131,166,367,641,775,814,836,878,1434,1864,1917,1930,1941,2006,2173,2192,2200,2201,2203,2212,2215,2220,2222,2224,2226,2230,2233,2242,2242
Namibia,Unknown,-22.9576,18.4904,0,0,0,0,0,0,10,75,121,133,151,205,352,424,523,642,830,1521,3044,3375,3511,3554,3573,3633,3967,4007,4019,4025,4038,4064,4072,4077,4080,4080,4080,4082,4088,4090,4090
Nauru,Unknown,-0.5228,166.9315,0,0,0,0,0,0,0,0,0,0,0,0,0,0,0,0,0,0,0,0,0,0,0,0,0,0,0,0,0,0,1,1,1,1,1,1,1,1,1
Nepal,Unknown,28.1667,84.25,0,0,0,0,8,29,56,228,498,937,1508,1856,2029,2774,3030,3279,7386,9112,9857,10750,11135,11407,11526,11594,11743,11936,11951,11951,11952,11952,11967,12001,12018,12019,12019,12019,12020,12020,12020
Netherlands,Aruba,12.5211,-69.9683,0,0,0,2,3,3,3,10,27,38,45,49,59,73,86,99,107,107,110,146,166,171,174,181,193,211,212,271,213,221,224,227,230,232,236,280,281,282,282
Netherlands,"Bonaire, Sint Eustatius and Saba",12.1784,-68.2385,0,0,0,0,0,0,0,0,1,3,3,3,3,3,3,15,17,17,17,17,19,20,22,23,28,31,31,34,35,37,37,38,38,38,38,39,41,41,41
Netherlands,Curacao,12.1696,-68.99,0,0,1,1,1,1,1,1,1,1,4,14,21,22,35,109,122,126,126,144,163,174,178,189,232,261,267,274,277,278,282,287,287,290,295,299,301,301,301
Netherlands,Sint Maarten,18.0425,-63.0548,0,0,0,13,15,15,15,17,22,22,25,27,27,27,27,27,28,33,34,51,66,75,75,75,79,85,86,86,86,86,87,87,87,88,89,89,89,91,91
Netherlands,Unknown,52.1326,5.2913,0,0,1039,4795,5956,6113,6159,6224,6406,7395,9376,11432,13998,15563,16538,17148,17623,17745,17827,18010,18170,18411,19414,20924,21277,21554,21987,22249,22322,22378,22492,22600,22650,22811,22910,22990,22990,22990,22990
New Zealand,Cook Islands,-21.2367,-159.7777,0,0,0,0,0,0,0,0,0,0,0,0,0,0,0,0,0,0,0,0,0,0,0,0,0,0,0,1,1,1,1,1,1,1,1,1,2,2,2
New Zealand,Niue,-19.0544,-169.8672,0,0,0,0,0,0,0,0,0,0,0,0,0,0,0,0,0,0,0,0,0,0,0,0,0,0,0,0,0,0,0,0,0,0,0,0,0,0,0
New Zealand,Unknown,-40.9006,174.886,0,0,1,20,23,23,23,25,26,26,26,26,27,28,28,28,28,28,28,29,29,31,41,48,52,84,365,636,890,1106,1502,1908,2030,2106,2212,2331,2477,2542,2548
Nicaragua,Unknown,12.865416,-85.207229,0,0,1,3,35,74,116,137,151,156,160,165,169,173,178,182,186,191,195,199,204,208,212,217,220,224,230,234,238,242,244,244,245,245,245,245,245,245,245
Niger,Unknown,17.607789,8.081666,0,0,3,32,64,67,69,69,69,69,72,104,159,172,186,191,192,193,195,199,201,213,259,275,298,307,308,309,310,310,311,312,313,314,314,314,315,315,315
Nigeria,Unknown,9.082,8.6753,0,0,2,58,287,590,879,1013,1112,1144,1173,1289,1586,1907,2057,2063,2099,2120,2149,2469,2721,2896,2977,3030,3136,3142,3142,3143,3143,3148,3147,3148,3155,3155,3155,3155,3155,3155,3155
North Macedonia,Unknown,41.6086,21.7453,0,0,9,77,133,302,486,603,739,994,1763,2503,2855,3137,3781,4855,5413,5484,5493,5938,6668,7132,7581,7960,8409,9010,9221,9280,9303,9325,9370,9489,9535,9564,9568,9614,9638,9662,9662
Norway,Unknown,60.472,8.4689,0,0,39,210,236,250,255,264,274,282,332,436,564,622,673,756,783,794,799,814,861,900,1054,1305,1440,1598,2518,2932,3141,3337,3623,3980,4098,4208,4384,4670,5112,5175,5213
Oman,Unknown,21.512583,55.923255,0,0,1,11,49,176,421,685,935,1208,1423,1499,1529,1570,1678,2010,2345,3100,3814,4064,4096,4111,4113,4116,4146,4244,4250,4258,4260,4628,4628,4628,4628,4628,4628,4628,4628,4628,4628
Pakistan,Unknown,30.3753,69.3451,0,0,27,417,1543,4395,5951,6294,6484,6823,8091,10176,11683,12896,14530,17957,20850,22321,23422,25889,27785,28456,28737,28933,29301,30196,30359,30369,30379,30395,30487,30581,30616,30626,30632,30636,30640,30643,30644
Palau,Unknown,7.515,134.5825,0,0,0,0,0,0,0,0,0,0,0,0,0,0,0,0,0,0,0,0,0,0,0,0,0,6,6,6,6,6,6,6,6,7,7,9,9,9,9
Panama,Unknown,8.538,-80.7821,0,0,30,188,336,631,1421,2002,2372,2700,3079,4022,5270,5845,6114,6232,6371,6545,6823,7061,7228,7315,7365,7428,7716,8083,8170,8184,8255,8364,8412,8470,8497,8509,8526,8567,8596,8604,8609
Papua New Guinea,Unknown,-6.314993,143.95555,0,0,0,0,0,0,2,5,7,7,7,9,9,12,60,107,162,173,192,192,229,370,546,590,597,638,640,650,651,662,663,664,668,668,668,669,670,670,670
Paraguay,Unknown,-23.4425,-58.4438,0,0,3,10,11,17,49,326,857,1404,1756,2262,2719,3181,4206,6385,9186,12895,14981,15767,16198,16246,16472,16624,17321,18359,18664,18870,18894,18963,19220,19478,19591,19601,19621,19688,19820,19870,19878
Peru,Unknown,-9.19,-75.0152,0,0,138,4782,20710,37898,55982,73612,82135,86494,89449,93070,103810,122502,143416,166701,183783,192331,196353,198263,199367,200246,201176,202690,205834,210672,212222,212824,213195,213509,214303,215762,216575,217012,217414,218232,218931,219439,219539
Philippines,Unknown,12.879721,121.774017,0,1,88,568,957,1266,2023,3558,5504,7221,8392,9244,10749,12318,13297,17234,20966,24662,27889,33448,38294,43172,48545,51504,54003,56451,59249,60341,60458,60555,60727,61814,62947,64074,64641,65385,65779,66111,66188
Poland,Unknown,51.9194,19.1451,0,0,33,644,1064,1463,1716,2039,2513,5631,17150,28554,37180,43769,53045,67502,73745,75021,75261,75345,75650,76999,83583,97054,105194,111317,115173,116059,116318,116424,116570,117093,117569,118124,118319,118533,118727,118884,119010
Portugal,Unknown,39.3999,-8.2245,0,0,160,989,1410,1576,1735,1822,1971,2507,4505,6906,12482,16317,16848,16974,17025,17096,17361,17743,17975,18157,18441,18955,19905,21063,21695,22280,23115,24149,24592,24855,25031,25228,25450,25714,26022,26117,26266
Qatar,Unknown,25.3548,51.1839,0,0,2,10,38,113,174,197,214,232,237,245,248,258,291,458,556,590,601,602,606,610,611,618,645,670,677,677,677,679,681,681,682,684,685,685,686,686,688
Romania,Unknown,45.9432,24.9668,0,0,82,717,1266,1651,2343,3621,4825,6968,11331,15767,18335,20350,23538,28109,30312,33786,34281,34570,37041,47751,56529,58752,60025,63414,65015,65486,65684,65739,65999,66709,67021,67186,67276,67374,67576,67704,67736
Russia,Unknown,61.52401,105.318756,0,0,17,1073,4693,9306,13939,17128,20630,27787,39491,56271,72029,84700,97219,108290,119464,132973,155952,180009,203549,234194,269900,302671,324672,344655,361348,368319,371464,373404,374683,376558,379438,382302,384103,385789,387113,388126,388478
Rwanda,Unknown,-1.9403,29.8739,0,0,0,0,1,2,5,16,29,35,49,92,196,261,307,335,353,438,808,1089,1273,1331,1342,1350,1440,1457,1459,1459,1459,1460,1466,1466,1466,1467,1467,1467,1468,1468,1468
Saint Kitts and Nevis,Unknown,17.357822,-62.782998,0,0,0,0,0,0,0,0,0,0,0,0,0,0,0,0,0,3,3,3,13,23,28,28,33,42,43,43,43,43,46,46,46,46,46,46,46,47,47
Saint Lucia,Unknown,13.9094,-60.9789,0,0,0,0,0,0,0,0,0,0,2,5,13,35,60,74,79,84,89,104,201,255,280,295,328,358,365,368,371,383,385,391,393,407,408,409,409,409,409
Saint Vincent and the Grenadines,Unknown,12.9843,-61.2872,0,0,0,0,0,0,0,0,0,0,0,0,2,8,10,11,12,12,12,12,21,68,74,81,94,106,106,106,107,112,115,115,116,116,116,119,123,123,123
Samoa,Unknown,-13.759,-172.1046,0,0,0,0,0,0,0,0,0,0,0,0,0,0,0,0,0,0,0,0,0,0,0,0,0,0,0,19,26,29,29,29,29,29,29,29,29,29,29
San Marino,Unknown,43.9424,12.4578,0,1,26,41,42,42,42,42,42,42,45,59,67,74,84,90,90,90,90,90,91,92,93,100,109,112,113,115,115,115,118,118,118,119,119,121,122,122,122
Sao Tome and Principe,Unknown,0.1864,6.6131,0,0,0,0,12,13,15,15,15,16,17,17,17,29,34,35,38,41,37,37,50,56,56,57,69,72,73,73,73,73,74,76,77,77,77,77,77,77,77
Saudi Arabia,Unknown,23.885942,45.079162,0,0,10,162,503,1649,2866,3897,4768,5402,5896,6223,6375,6494,6669,6957,7362,7819,8237,8512,8716,8794,8836,8877,8940,8998,9045,9088,9148,9208,9251,9295,9352,9407,9464,9518,9574,9615,9618
Senegal,Unknown,14.4974,-14.4524,0,0,0,9,42,112,205,284,311,324,333,410,628,872,1051,1107,1139,1166,1353,1765,1858,1878,1885,1890,1946,1960,1988,1967,1967,1968,1968,1968,1968,1968,1968,1968,1971,1971,1971
Serbia,Unknown,44.0165,21.0059,0,0,16,179,243,277,573,713,749,820,1604,3211,4020,4443,5308,6362,6865,7047,7114,7292,8234,9955,11691,12714,13629,15241,15799,15991,16081,16126,16280,16684,17006,17242,17387,17519,17701,17826,17881
Seychelles,Unknown,-4.6796,55.492,0,0,0,0,0,0,0,0,0,0,0,0,3,11,20,27,40,56,79,102,112,119,125,134,154,163,164,166,167,167,168,169,169,171,171,172,172,172,172
Sierra Leone,Unknown,8.460555,-11.779889,0,0,0,7,46,60,67,70,72,74,74,76,79,79,79,79,79,100,120,121,121,121,121,123,125,125,125,125,125,125,125,126,126,126,126,126,126,126,126
Singapore,Unknown,1.2833,103.8333,0,0,3,15,23,26,27,27,27,28,29,29,29,29,30,30,33,36,37,55,95,407,718,828,855,1019,1268,1335,1389,1413,1500,1592,1618,1680,1703,1711,1722,1722,1722
Slovakia,Unknown,48.669,19.699,0,0,1,23,28,28,29,33,48,219,839,2138,4642,7189,9719,11684,12343,12510,12540,12548,12637,13034,14418,16635,17830,18485,19352,19879,20100,20147,20223,20236,20457,20606,20733,20823,20942,21021,21035
Slovenia,Unknown,46.1512,14.9955,0,0,15,91,108,111,119,133,150,338,1435,2697,3503,3836,4047,4250,4375,4419,4429,4450,4561,4745,5224,5589,5866,6307,6487,6592,6637,6651,6698,6783,6822,6889,6933,7008,7056,7071,7078
Solomon Islands,Unknown,-9.6457,160.1562,0,0,0,0,0,0,0,0,0,0,0,0,0,0,0,0,0,0,0,0,0,0,0,0,9,99,133,141,146,153,153,153,153,153,153,153,153,153,153
Somalia,Unknown,5.152149,46.199616,0,0,0,28,78,90,93,98,99,104,113,130,130,239,529,713,769,775,811,977,1111,1208,1327,1333,1335,1348,1361,1361,1361,1361,1361,1361,1361,1361,1361,1361,1361,1361,1361
South Africa,Unknown,-30.5595,22.9375,0,0,5,103,683,2657,8005,14149,16734,19276,21535,28469,44164,49993,52846,54350,56506,60647,72013,82261,87626,89177,89843,91145,95093,99412,100032,100363,101190,101764,101982,102084,102185,102311,102428,102568,102595,102595,102595
South Sudan,Unknown,6.877,31.307,0,0,0,0,10,38,46,47,49,58,61,63,64,93,109,115,115,117,119,120,130,133,133,135,137,137,138,138,138,138,138,138,138,138,138,138,138,138,138
Spain,Unknown,40.463667,-3.74922,0,0,8464,24543,28752,28355,28445,29094,31791,35878,45069,50837,58319,69142,75459,78216,79953,80875,81486,84340,86415,87368,88052,89405,93225,99410,102392,104456,106341,107906,110719,112600,114179,115078,115901,117095,118434,119380,119479
Sri Lanka,Unknown,7.873054,80.771797,0,0,2,7,10,11,11,12,13,20,118,204,316,464,568,678,1441,3077,4436,9185,12906,13743,14346,14979,15441,16222,16477,16504,16517,16521,16556,16698,16761,16780,16803,16817,16828,16830,16830
Sudan,Unknown,12.8628,30.2176,0,0,2,31,286,572,746,823,836,837,1249,1468,1807,1880,2063,2349,2631,2754,2776,2831,2902,3099,3159,3331,3441,3908,4907,4931,4942,4951,4957,4961,4961,4972,4990,4994,5001,5011,5017
Summer Olympics 2020,Unknown,35.6491,139.7737,0,0,0,0,0,0,0,0,0,0,0,0,0,0,0,0,0,0,0,0,0,0,0,0,0,0,0,0,0,0,0,0,0,0,0,0,0,0,0
Suriname,Unknown,3.9193,-56.0278,0,0,0,1,1,13,26,71,104,111,117,122,154,172,177,204,302,522,649,721,884,1092,1167,1189,1263,1317,1324,1328,1350,1369,1380,1383,1385,1390,1393,1393,1398,1400,1404
Sweden,Unknown,60.128161,18.643501,0,0,385,2586,4395,5333,5743,5821,5893,5938,6681,8727,11591,12826,13465,14048,14451,14629,14656,14692,14864,15025,15151,15310,15855,17142,18365,18772,18977,19124,19358,19810,20225,20659,21034,21827,23279,23662,23777
Switzerland,Unknown,46.8182,8.2275,0,0,485,1665,1796,1809,1827,1848,1908,2378,5053,7873,9523,10016,10297,10555,10712,10775,10793,10899,11087,11234,11522,12217,12708,13101,13564,13712,13800,13831,13891,13974,14009,14065,14137,14173,14244,14244,14210
Syria,Unknown,34.802075,38.996815,0,0,2,3,5,9,43,112,200,288,417,711,921,1027,1265,1592,1770,1876,1914,2013,2247,2558,2749,2897,2989,3075,3141,3150,3150,3150,3150,3163,3163,3163,3163,3163,3164,3164,3164
Taiwan*,Unknown,23.7,121.0,0,1,5,6,7,7,7,7,7,7,7,7,8,9,10,12,124,648,787,835,842,847,848,850,851,853,853,865,2255,6651,8927,9914,11053,12831,14334,15253,16308,17672,17672
Tajikistan,Unknown,38.861,71.2761,0,0,0,0,47,52,60,68,75,82,86,90,91,91,91,91,91,91,122,125,125,125,125,125,125,125,125,125,125,125,125,125,125,125,125,125,125,125,125
Tanzania,Unknown,-6.369028,34.888822,0,0,1,16,21,21,21,21,21,21,21,21,21,21,21,21,21,21,21,50,50,725,730,737,789,798,800,803,840,841,841,841,845,845,845,845,846,846,846
Thailand,Unknown,15.870032,100.992541,0,0,10,54,57,58,58,58,59,59,60,61,77,83,94,203,1031,2023,4857,11589,16727,19205,20771,21698,22173,22933,25130,28526,30019,30648,31404,32328,32771,32955,33180,33594,33865,33911,33918
Timor-Leste,Unknown,-8.874217,125.727539,0,0,0,0,0,0,0,0,0,0,0,0,0,0,0,3,16,23,26,67,117,122,122,122,122,128,130,130,131,133,133,138,138,138,138,138,138,138,138
Togo,Unknown,8.6195,0.8248,0,0,1,9,13,14,19,28,48,57,64,68,77,84,109,123,125,129,152,185,229,242,243,248,268,272,272,273,273,275,279,282,285,290,290,290,290,290,290
Tonga,Unknown,-21.179,-175.1982,0,0,0,0,0,0,0,0,0,0,0,0,0,0,0,0,0,0,0,0,0,0,0,0,0,1,6,11,12,12,12,12,12,12,12,12,13,13,13
Trinidad and Tobago,Unknown,10.6918,-61.2225,0,0,3,8,8,8,8,22,76,108,120,127,134,139,142,169,495,847,1070,1291,1482,1696,2158,2869,3404,3628,3750,3829,3917,4011,4053,4144,4207,4249,4267,4283,4326,4347,4355
Tunisia,Unknown,33.886917,9.537499,0,0,10,41,48,50,50,77,265,1317,3260,4676,6754,8001,8812,10722,12654,14959,19686,23451,24890,25241,25373,25569,26288,27784,28323,28550,28641,28691,29041,29234,29249,29257,29268,29284,29308,29331,29341
Turkey,Unknown,38.9637,35.2433,0,0,214,3174,4540,5131,5691,6370,8195,10252,13746,20881,25993,28569,31537,40131,47527,49732,51332,56710,64054,70611,76842,82361,87416,94445,98033,98771,98965,99032,99341,100400,101139,101203,101203,101203,101492,101492,101492
Tuvalu,Unknown,-7.1095,177.6493,0,0,0,0,0,0,0,0,0,0,0,0,0,0,0,0,0,0,0,0,0,0,0,0,0,0,0,0,0,0,0,0,0,0,0,0,0,0,0
US,Unknown,40.0,-100.0,0,1,5359,66638,107857,127432,153969,182794,205957,230545,270601,350604,446602,511827,548349,572156,590261,600689,609480,637765,696889,744886,779427,825468,888905,950322,983142,996086,1007077,1017630,1030088,1046240,1059507,1070376,1080466,1092764,1108688,1119917,1123836
Uganda,Unknown,1.373333,32.290275,0,0,0,0,0,0,3,32,75,111,205,251,324,334,335,342,362,1023,2690,3012,3156,3215,3256,3294,3533,3588,3596,3597,3602,3621,3628,3628,3630,3630,3630,3630,3630,3630,3630
Ukraine,Unknown,48.3794,31.1656,0,0,17,261,708,1173,1717,2605,4221,7399,12731,19281,23860,27404,34456,45923,52573,54581,55556,57004,59980,72073,91268,102088,106880,112902,114911,115361,115523,116364,116463,116591,117037,117881,118404,118689,118974,119149,119283
United Arab Emirates,Unknown,23.424076,53.847818,0,0,6,105,264,315,351,384,419,495,572,669,850,1221,1497,1587,1680,1811,1949,2041,2097,2136,2147,2164,2243,2301,2302,2302,2305,2316,2335,2341,2345,2348,2348,2348,2348,2349,2349
United Kingdom,Anguilla,18.2206,-63.0686,0,0,0,0,0,0,0,0,0,0,0,0,0,0,0,0,0,0,0,0,1,1,4,5,8,9,9,9,9,9,10,11,12,12,12,12,12,12,12
United Kingdom,Bermuda,32.3078,-64.7505,0,0,0,6,9,9,9,9,9,9,9,10,12,12,12,28,33,33,33,34,72,101,106,110,117,123,128,131,138,140,144,148,148,148,151,153,157,160,160
United Kingdom,British Virgin Islands,18.4207,-64.64,0,0,0,1,1,1,1,1,1,1,1,1,1,1,1,1,1,1,31,37,37,37,38,39,49,62,62,62,62,63,63,64,64,64,64,64,64,64,64
United Kingdom,Cayman Islands,19.3133,-81.2546,0,0,1,1,1,1,1,1,1,1,2,2,2,2,2,2,2,2,2,2,2,2,5,11,15,17,25,27,28,28,29,29,32,34,36,37,37,37,37
United Kingdom,Channel Islands,49.3723,-2.3644,0,0,0,0,0,0,0,0,0,0,0,0,0,0,0,0,0,0,0,0,0,0,0,0,0,0,0,0,0,0,0,0,0,0,0,0,0,0,0
United Kingdom,Falkland Islands (Malvinas),-51.7963,-59.5236,0,0,0,0,0,0,0,0,0,0,0,0,0,0,0,0,0,0,0,0,0,0,0,0,0,0,0,0,0,0,0,0,0,0,0,0,0,0,0
United Kingdom,Gibraltar,36.1408,-5.3536,0,0,0,0,0,0,0,0,0,0,5,7,77,93,94,94,94,94,94,97,97,98,98,100,101,101,101,102,102,104,105,107,108,108,110,110,111,111,111
United Kingdom,Guernsey,49.448196,-2.58949,0,0,1,16,16,16,16,16,16,16,16,16,16,17,17,17,17,17,17,18,21,23,23,24,30,31,31,43,47,48,54,62,63,64,65,66,69,66,66
United Kingdom,Isle of Man,54.2361,-4.5481,0,0,0,21,24,24,24,24,24,24,25,25,25,25,29,29,29,29,29,38,51,57,66,67,71,80,84,102,106,108,114,116,116,116,116,116,116,116,116
United Kingdom,Jersey,49.2138,-2.1358,0,0,2,20,29,31,31,32,32,32,32,41,66,69,69,69,69,69,69,77,78,80,80,89,100,112,120,126,129,131,133,136,138,141,142,146,157,161,161
United Kingdom,Montserrat,16.742498,-62.187366,0,0,0,1,1,1,1,1,1,1,1,1,1,1,1,1,1,1,1,1,1,1,1,1,1,2,3,2,6,8,8,8,8,8,8,8,8,8,8
United Kingdom,Pitcairn Islands,-24.3768,-128.3242,0,0,0,0,0,0,0,0,0,0,0,0,0,0,0,0,0,0,0,0,0,0,0,0,0,0,0,0,0,0,0,0,0,0,0,0,0,0,0
United Kingdom,"Saint Helena, Ascension and Tristan da Cunha",-7.9467,-14.3559,0,0,1,0,0,0,0,0,0,0,0,0,0,0,0,0,0,0,0,0,0,0,0,0,0,0,0,0,0,0,0,0,0,0,0,0,0,0,0
United Kingdom,Turks and Caicos Islands,21.694,-71.7979,0,0,0,1,1,2,2,4,6,6,6,6,9,14,17,17,17,18,18,20,23,23,24,26,34,36,36,36,36,36,36,36,36,36,36,36,38,38,38
United Kingdom,Unknown,55.3781,-3.436,1,3,5141,38995,52487,56199,57349,57896,58785,64218,77662,94998,131582,148404,152707,153811,154236,154718,156550,159868,164257,168820,173319,177397,184108,188002,192430,197522,199658,201115,204785,207114,208543,211619,213439,216306,219298,219948,219948
Uruguay,Unknown,-32.5228,-55.7658,0,0,1,17,22,27,35,44,48,58,77,181,436,608,974,2616,4276,5593,5964,6032,6055,6078,6131,6170,6479,6985,7159,7203,7238,7331,7403,7445,7485,7518,7537,7562,7609,7617,7617
Uzbekistan,Unknown,41.377491,64.585262,0,0,2,9,15,26,141,320,470,566,610,614,621,622,629,649,690,736,874,1082,1239,1323,1402,1485,1564,1635,1637,1637,1637,1637,1637,1637,1637,1637,1637,1637,1637,1637,1637
Vanuatu,Unknown,-15.3767,166.9592,0,0,0,0,0,0,0,0,0,0,0,0,0,0,0,1,1,1,1,1,1,1,1,1,1,1,2,13,14,14,14,14,14,14,14,14,14,14,14
Venezuela,Unknown,6.4238,-66.5897,0,0,3,16,14,51,164,386,628,798,897,1028,1189,1344,1602,2136,2646,3119,3591,4010,4469,4891,5144,5328,5447,5636,5682,5709,5721,5732,5763,5796,5814,5820,5828,5832,5845,5853,5854
Vietnam,Unknown,14.058324,108.277199,0,0,0,0,0,0,3,34,35,35,35,35,35,35,35,35,47,81,1306,11064,19301,22083,25252,32394,37777,40252,42493,43041,43079,43087,43093,43117,43148,43165,43175,43186,43186,43186,43186
West Bank and Gaza,Unknown,31.9522,35.2332,0,0,1,2,3,8,82,152,311,483,732,1400,1833,2042,2627,3249,3497,3563,3603,3680,4098,4663,4796,4919,5098,5501,5655,5657,5660,5660,5678,5704,5707,5708,5708,5708,5708,5708,5708
Winter Olympics 2022,Unknown,39.9042,116.4074,0,0,0,0,0,0,0,0,0,0,0,0,0,0,0,0,0,0,0,0,0,0,0,0,0,0,0,0,0,0,0,0,0,0,0,0,0,0,0
Yemen,Unknown,15.552727,48.516388,0,0,0,2,80,312,493,566,587,599,605,610,615,634,888,1226,1321,1361,1375,1472,1721,1889,1950,1984,2012,2135,2143,2149,2149,2149,2151,2155,2157,2158,2159,2159,2159,2159,2159
Zambia,Unknown,-13.133897,27.849332,0,0,0,3,7,24,151,288,332,349,357,388,763,1091,1208,1251,1281,2199,3389,3602,3648,3661,3667,3734,3917,3952,3966,3976,3987,4006,4015,4016,4017,4017,4019,4024,4047,4057,4057
Zimbabwe,Unknown,-19.015438,29.154857,0,0,1,4,4,7,67,202,228,243,276,363,1217,1463,1523,1567,1594,1789,3532,4419,4623,4678,4707,5004,5338,5395,5444,5469,5503,5555,5577,5596,5602,5606,5620,5637,5652,5663,5671
